,store_id,store_type,store_brand,store_name,store_addr,store_geo_lat,store_geo_lng
0,-,패스트푸드,맥도날드,맥도날드 서울시청점,서울 중구 남대문로9길 51,37.56681363,126.9795023
0,-,패스트푸드,맥도날드,맥도날드 강남2호점,서울 강남구 테헤란로 107,37.49868136,127.028754
0,-,패스트푸드,맥도날드,맥도날드 등촌DT점,서울 강서구 양천로 546,37.5582961,126.859767
0,-,패스트푸드,맥도날드,맥도날드 양재SK DT점,서울 서초구 바우뫼로 178,37.47808614,127.0395973
0,-,패스트푸드,맥도날드,맥도날드 강남삼성DT점,서울 강남구 봉은사로 432,37.51094221,127.0473185
0,-,패스트푸드,맥도날드,맥도날드 청담DT점,서울 강남구 도산대로 407,37.52370808,127.0402619
0,-,패스트푸드,맥도날드,맥도날드 신림점,서울 관악구 신림로 310,37.4819355,126.9301852
0,-,패스트푸드,맥도날드,맥도날드 서울둔촌DT점,서울 강동구 양재대로 1382,37.52933841,127.13728
0,-,패스트푸드,맥도날드,맥도날드 송파잠실DT점,서울 송파구 도곡로 434,37.50438595,127.0769713
0,-,패스트푸드,맥도날드,맥도날드 서울시흥DT점,서울 금천구 시흥대로 184,37.45048369,126.9027398
0,-,패스트푸드,맥도날드,맥도날드 종암SK점,서울 성북구 종암로 58,37.5957774,127.0360116
0,-,패스트푸드,맥도날드,맥도날드 굽은다리역DT점,서울 강동구 양재대로 1587,37.54726367,127.1430033
0,-,패스트푸드,맥도날드,맥도날드 양평SK점,서울 영등포구 선유로 195,37.5310483,126.8935067
0,-,패스트푸드,맥도날드,맥도날드 우장산DT점,서울 강서구 강서로 216,37.54510263,126.8374301
0,-,패스트푸드,맥도날드,맥도날드 석촌역점,서울 송파구 백제고분로 390,37.50601153,127.1091257
0,-,패스트푸드,맥도날드,맥도날드 잠실역점,서울 송파구 송파대로 558,37.51509485,127.0997117
0,-,패스트푸드,맥도날드,맥도날드 서초GS점,서울 서초구 반포대로 69,37.48647275,127.0096792
0,-,패스트푸드,맥도날드,맥도날드 신월DT점,서울 양천구 남부순환로 404,37.53142337,126.8308778
0,-,패스트푸드,맥도날드,맥도날드 서울번동DT점,서울 강북구 월계로 191,37.62115266,127.0452573
0,-,패스트푸드,맥도날드,맥도날드 양천구청DT점,서울 양천구 목동동로 71,37.51551391,126.8629729
0,-,패스트푸드,맥도날드,맥도날드 상계DT점,서울 노원구 동일로 1612,37.67243303,127.0561803
0,-,패스트푸드,맥도날드,맥도날드 고척DT점,서울 구로구 경인로 393,37.49723946,126.8635145
0,-,패스트푸드,맥도날드,맥도날드 신사역,서울 강남구 도산대로 123,37.51745293,127.0218933
0,-,패스트푸드,맥도날드,맥도날드 명동점,서울 중구 명동7길 8,37.56417691,126.9845487
0,-,패스트푸드,맥도날드,맥도날드 노량진점,서울 동작구 노량진로 158,37.5134328,126.9435384
0,-,패스트푸드,맥도날드,맥도날드 구로디지털,서울 구로구 디지털로31길 12,37.48510657,126.8953634
0,-,패스트푸드,맥도날드,맥도날드 위례신도시점,서울 송파구 위례광장로 290,37.47497728,127.1428088
0,-,패스트푸드,맥도날드,맥도날드 서울상암DMC점,서울 마포구 월드컵북로 400,37.58045107,126.8898935
0,-,패스트푸드,맥도날드,맥도날드 공덕점,서울 마포구 마포대로 53,37.54143216,126.9470541
0,-,패스트푸드,맥도날드,맥도날드 연세대점,서울 서대문구 연세로 33,37.55859092,126.9367226
0,-,패스트푸드,맥도날드,맥도날드 이수점,서울 동작구 사당로 300,37.48437909,126.9802816
0,-,패스트푸드,맥도날드,맥도날드 여의도점,서울 영등포구 국제금융로 10,37.52517752,126.9248767
0,-,패스트푸드,맥도날드,맥도날드 염창DT점,서울 강서구 공항대로71길 3,37.54765226,126.8715672
0,-,패스트푸드,맥도날드,맥도날드 서울교대점,서울 서초구 서초대로 316,37.49406789,127.0162103
0,-,패스트푸드,맥도날드,맥도날드 어린이대공원점,서울 광진구 광나루로 392,37.54730194,127.0731231
0,-,패스트푸드,맥도날드,맥도날드 신천점,서울 송파구 올림픽로 108,37.51142617,127.082765
0,-,패스트푸드,맥도날드,맥도날드 보라매,서울 영등포구 여의대방로 145,37.50021047,126.9199903
0,-,패스트푸드,맥도날드,맥도날드 선릉점,서울 강남구 테헤란로 326,37.50354706,127.0470336
0,-,패스트푸드,맥도날드,맥도날드 영등포점,서울 영등포구 경인로 855,37.51698979,126.9076405
0,-,패스트푸드,맥도날드,맥도날드 삼성역점,서울 강남구 삼성로92길 29,37.50831784,127.0587784
0,-,패스트푸드,맥도날드,맥도날드 쌍문DT점,서울 도봉구 도봉로 541,37.65362509,127.0371995
0,-,패스트푸드,맥도날드,맥도날드 이태원점,서울 용산구 이태원로 142-1,37.5339524,126.9896973
0,-,패스트푸드,맥도날드,맥도날드 양재점,서울 서초구 강남대로 213,37.48276664,127.0349496
0,-,패스트푸드,맥도날드,맥도날드 미아DT점,서울 강북구 삼양로 158,37.6181669,127.0216997
0,-,패스트푸드,맥도날드,맥도날드 수유점,서울 강북구 도봉로 342,37.63803455,127.0261287
0,-,패스트푸드,맥도날드,맥도날드 종로3가점,서울 종로구 종로 115,37.57060831,126.9904646
0,-,패스트푸드,맥도날드,맥도날드 서초뱅뱅점,서울 서초구 강남대로 305,37.4901825,127.0306418
0,-,패스트푸드,맥도날드,맥도날드 신월남부DT점,서울 양천구 남부순환로 553,37.5197289,126.8387233
0,-,패스트푸드,맥도날드,맥도날드 과학기술대점,서울 노원구 공릉로 231,37.62974704,127.0761599
0,-,패스트푸드,맥도날드,맥도날드 강남구청점,서울 강남구 선릉로 667,37.51627282,127.0413252
0,-,패스트푸드,맥도날드,맥도날드 연신내점,서울 은평구 연서로 213,37.61764364,126.9192385
0,-,패스트푸드,맥도날드,맥도날드 상일동점,서울 강동구 상일로6길 39,37.54980368,127.1753477
0,-,패스트푸드,맥도날드,맥도날드 숭실대점,서울 동작구 사당로 22,37.4951109,126.9568992
0,-,패스트푸드,맥도날드,맥도날드 합정메세나폴리스점,서울 마포구 양화로 45,37.5515008,126.9139502
0,-,패스트푸드,맥도날드,맥도날드 전농점,서울 동대문구 전농로 146,37.57813831,127.0577821
0,-,패스트푸드,맥도날드,맥도날드 학동역점,서울 강남구 논현로 667,37.5135684,127.0305413
0,-,패스트푸드,맥도날드,맥도날드 안국역점,서울 종로구 율곡로 45,37.57631582,126.9843663
0,-,패스트푸드,맥도날드,맥도날드 한티역,서울 강남구 도곡로 409,37.49736921,127.055167
0,-,패스트푸드,맥도날드,맥도날드 가락DT점,서울 송파구 동남로 196,37.49489202,127.1307966
0,-,패스트푸드,맥도날드,맥도날드 방배점,서울 서초구 방배로 81,37.48166506,126.9971188
0,-,패스트푸드,맥도날드,맥도날드 망원점,서울 마포구 월드컵로 81,37.55607084,126.9097238
0,-,패스트푸드,맥도날드,맥도날드 중랑점,서울 중랑구 망우로 202,37.59348503,127.0754736
0,-,패스트푸드,맥도날드,맥도날드 홍제역점,서울 서대문구 통일로 442-1,37.5886656,126.9446576
0,-,패스트푸드,맥도날드,맥도날드 서울역점,서울 중구 한강대로 405,37.55472785,126.9695263
0,-,패스트푸드,맥도날드,맥도날드 안암점,서울 성북구 고려대로24길 42,37.5844055,127.0292636
0,-,패스트푸드,맥도날드,맥도날드 신내,서울 중랑구 봉화산로 194,37.60645263,127.094707
0,-,패스트푸드,맥도날드,맥도날드 대학로점,서울 종로구 대학로 130,37.58289103,127.0021161
0,-,패스트푸드,맥도날드,맥도날드 송정역점,서울 강서구 공항대로 21,37.56175053,126.8096946
0,-,패스트푸드,맥도날드,맥도날드 장안사거리점,서울 동대문구 답십리로 291-1,37.57253871,127.0726406
0,-,패스트푸드,맥도날드,맥도날드 한양대점,서울 성동구 왕십리로 227,37.55723164,127.0419206
0,-,패스트푸드,맥도날드,맥도날드 방학역DT점,서울 도봉구 도봉로 735,37.67011016,127.0432796
0,-,패스트푸드,맥도날드,맥도날드 압구정CGV점,서울 강남구 논현로 848,37.5245744,127.028837
0,-,패스트푸드,맥도날드,맥도날드 한국외대점,서울 동대문구 휘경로 15,37.5958793,127.0618916
0,-,패스트푸드,맥도날드,맥도날드 명지대점,서울 서대문구 거북골로 25,37.57993514,126.9247426
0,-,패스트푸드,맥도날드,맥도날드 중계역점,서울 노원구 동일로 1341,37.64833125,127.0620899
0,-,패스트푸드,맥도날드,맥도날드 목동점,서울 양천구 목동로 221,37.52815792,126.8637321
0,-,패스트푸드,맥도날드,맥도날드 명동2호점,서울 중구 퇴계로 116-1,37.56055537,126.984637
0,-,패스트푸드,맥도날드,맥도날드 구의역점,서울 광진구 아차산로 376,37.53643281,127.0844868
0,-,패스트푸드,맥도날드,맥도날드 파리공원점,서울 양천구 목동서로 45,37.53719525,126.8810179
0,-,패스트푸드,맥도날드,맥도날드 구산점,서울 은평구 연서로 131,37.61063498,126.9166993
0,-,패스트푸드,맥도날드,맥도날드 가산디지털점,서울 금천구 벚꽃로 298,37.48144017,126.8838717
0,-,패스트푸드,맥도날드,맥도날드 가산비지니스센터점,서울 금천구 가산디지털1로 165,37.48022756,126.8810275
0,-,패스트푸드,맥도날드,맥도날드 성균관대점,서울 종로구 창경궁로 241-1,37.58339623,126.9988676
0,-,패스트푸드,맥도날드,맥도날드 동묘점,서울 종로구 종로 339,37.57316421,127.0151129
0,-,패스트푸드,맥도날드,맥도날드 신도림디큐브점,서울 구로구 경인로 662,37.50812307,126.888213
0,-,패스트푸드,맥도날드,맥도날드 삼선교점,서울 성북구 동소문로 13,37.58940607,127.0075324
0,-,패스트푸드,맥도날드,맥도날드 중계,서울 노원구 중계로 218,37.65084973,127.0759996
0,-,패스트푸드,맥도날드,맥도날드 미아역점,서울 강북구 도봉로 204,37.62695638,127.0261923
0,-,패스트푸드,맥도날드,맥도날드 중앙대점,서울 동작구 흑석로 84,37.50472672,126.9538339
0,-,패스트푸드,맥도날드,맥도날드 은평이마트점,서울 은평구 은평로 111,37.60082547,126.9205135
0,-,패스트푸드,맥도날드,맥도날드 코엑스점,서울 강남구 삼성동 159-9,37.51046472,127.060276
0,-,패스트푸드,맥도날드,맥도날드 상봉이마트,서울 중랑구 상봉로 118,37.59646765,127.0936085
0,-,패스트푸드,맥도날드,맥도날드 신도림테크노점,서울 구로구 새말로 97,37.50704384,126.8902273
0,-,패스트푸드,맥도날드,맥도날드 한신점,서울 노원구 한글비석로 57,37.63662358,127.0689153
0,-,패스트푸드,맥도날드,맥도날드 마리오아울렛점,서울 금천구 디지털로 185,37.47812746,126.8872528
0,-,패스트푸드,맥도날드,맥도날드 성수이마트,서울 성동구 뚝섬로 379,37.53992923,127.0534942
